minuto;q afluente;flag usina;disponibilidade UG1;temperatura UG1;perda UG1;disponibilidade UG2;temperatura UG2;perda UG2
2;0,46;0;0;0;0;0;0;0
3;0,46;0;0;0;0;0;0;0
4;0,46;0;0;0;0;0;0;0
5;0,46;0;0;0;0;0;0;0
6;0,46;0;0;0;0;0;0;0
7;0,46;0;0;0;0;0;0;0
8;0,46;0;0;0;0;0;0;0
9;0,46;0;0;0;0;0;0;0
10;0,46;0;0;0;0;0;0;0
11;0,46;0;0;0;0;0;0;0
12;0,46;0;0;0;0;0;0;0
13;0,46;0;0;0;0;0;0;0
14;0,46;0;0;0;0;0;0;0
15;0,46;0;0;0;0;0;0;0
16;0,46;0;0;0;0;0;0;0
17;0,46;0;0;0;0;0;0;0
18;0,46;0;0;0;0;0;0;0
19;0,46;0;0;0;0;0;0;0
20;0,46;0;0;0;0;0;0;0
21;0,46;0;0;0;0;0;0;0
22;0,46;0;0;0;0;0;0;0
23;0,46;0;0;0;0;0;0;0
24;0,46;0;0;0;0;0;0;0
25;0,46;0;0;0;0;0;0;0
26;0,46;0;0;0;0;0;0;0
27;0,46;0;0;0;0;0;0;0
28;0,46;0;0;0;0;0;0;0
29;0,46;0;0;0;0;0;0;0
30;0,46;0;0;0;0;0;0;0
31;0,46;0;0;0;0;0;0;0
32;0,46;0;0;0;0;0;0;0
33;0,46;0;0;0;0;0;0;0
34;0,46;0;0;0;0;0;0;0
35;0,46;0;0;0;0;0;0;0
36;0,46;0;0;0;0;0;0;0
37;0,46;0;0;0;0;0;0;0
38;0,46;0;0;0;0;0;0;0
39;0,46;0;0;0;0;0;0;0
40;0,46;0;0;0;0;0;0;0
41;0,46;0;0;0;0;0;0;0
42;0,46;0;0;0;0;0;0;0
43;0,46;0;0;0;0;0;0;0
44;0,46;0;0;0;0;0;0;0
45;0,46;0;0;0;0;0;0;0
46;0,46;0;0;0;0;0;0;0
47;0,46;0;0;0;0;0;0;0
48;0,46;0;0;0;0;0;0;0
49;0,46;0;0;0;0;0;0;0
50;0,46;0;0;0;0;0;0;0
51;0,46;0;0;0;0;0;0;0
52;0,46;0;0;0;0;0;0;0
53;0,46;0;0;0;0;0;0;0
54;0,46;0;0;0;0;0;0;0
55;0,46;0;0;0;0;0;0;0
56;0,46;0;0;0;0;0;0;0
57;0,46;0;0;0;0;0;0;0
58;0,46;0;0;0;0;0;0;0
59;0,46;0;0;0;0;0;0;0
60;0,46;0;0;0;0;0;0;0
61;2,549354839;0;0;0;0;0;0;0
62;4,638709677;0;0;0;0;0;0;0
63;6,728064516;0;0;0;0;0;0;0
64;8,817419355;0;0;0;0;0;0;0
65;10,90677419;0;0;0;0;0;0;0
66;12,99612903;0;0;0;0;0;0;0
67;15,08548387;0;0;0;0;0;0;0
68;17,17483871;0;0;0;0;0;0;0
69;19,26419355;0;0;0;0;0;0;0
70;21,35354839;0;0;0;0;0;0;0
71;23,44290323;0;0;0;0;0;0;0
72;25,53225806;0;0;0;0;0;0;0
73;27,6216129;0;0;0;0;0;0;0
74;29,71096774;0;0;0;0;0;0;0
75;31,80032258;0;0;0;0;0;0;0
76;33,88967742;0;0;0;0;0;0;0
77;35,97903226;0;0;0;0;0;0;0
78;38,0683871;0;0;0;0;0;0;0
79;40,15774194;0;0;0;0;0;0;0
80;42,24709677;0;0;0;0;0;0;0
81;44,33645161;0;0;0;0;0;0;0
82;46,42580645;0;0;0;0;0;0;0
83;48,51516129;0;0;0;0;0;0;0
84;50,60451613;0;0;0;0;0;0;0
85;52,69387097;0;0;0;0;0;0;0
86;54,78322581;0;0;0;0;0;0;0
87;56,87258065;0;0;0;0;0;0;0
88;58,96193548;0;0;0;0;0;0;0
89;61,05129032;0;0;0;0;0;0;0
90;63,14064516;0;0;0;0;0;0;0
91;65,23;0;0;0;0;0;0;0
92;67,31935484;0;0;0;0;0;0;0
93;69,40870968;0;0;0;0;0;0;0
94;71,49806452;0;0;0;0;0;0;0
95;73,58741935;0;0;0;0;0;0;0
96;75,67677419;0;0;0;0;0;0;0
97;77,76612903;0;0;0;0;0;0;0
98;79,85548387;0;0;0;0;0;0;0
99;81,94483871;0;0;0;0;0;0;0
100;84,03419355;0;0;0;0;0;0;0
101;86,12354839;0;0;0;0;0;0;0
102;88,21290323;0;0;0;0;0;0;0
103;90,30225806;0;0;0;0;0;0;0
104;92,3916129;0;0;0;0;0;0;0
105;94,48096774;0;0;0;0;0;0;0
106;96,57032258;0;0;0;0;0;0;0
107;98,65967742;0;0;0;0;0;0;0
108;100,7490323;0;0;0;0;0;0;0
109;102,8383871;0;0;0;0;0;0;0
110;104,9277419;0;0;0;0;0;0;0
111;107,0170968;0;0;0;0;0;0;0
112;109,1064516;0;0;0;0;0;0;0
113;111,1958065;0;0;0;0;0;0;0
114;113,2851613;0;0;0;0;0;0;0
115;115,3745161;0;0;0;0;0;0;0
116;117,463871;0;0;0;0;0;0;0
117;119,5532258;0;0;0;0;0;0;0
118;121,6425806;0;0;0;0;0;0;0
119;123,7319355;0;0;0;0;0;0;0
120;125,8212903;0;0;0;0;0;0;0
121;127,9106452;0;0;0;0;0;0;0
122;130;0;0;0;0;0;0;0
123;129,5093333;0;0;0;0;0;0;0
124;129,0178491;0;0;0;0;0;0;0
125;128,5226869;0;0;0;0;0;0;0
126;128,0209901;0;0;0;0;0;0;0
127;127,5099089;0;0;0;0;0;0;0
128;126,9866036;0;0;0;0;0;0;0
129;126,4482469;0;0;0;0;0;0;0
130;125,8920277;0;0;0;0;0;0;0
131;125,3151531;0;0;0;0;0;0;0
132;124,7148521;0;0;0;0;0;0;0
133;124,088378;0;0;0;0;0;0;0
134;123,4330113;0;0;0;0;0;0;0
135;122,7460623;0;0;0;0;0;0;0
136;122,64;0;0;0;0;0;0;0
137;122,6277366;0;0;0;0;0;0;0
138;122,5725665;0;0;0;0;0;0;0
139;122,4745477;0;0;0;0;0;0;0
140;122,3337829;0;0;0;0;0;0;0
141;122,1504198;0;0;0;0;0;0;0
142;121,9246504;0;0;0;0;0;0;0
143;121,656711;0;0;0;0;0;0;0
144;121,3468816;0;0;0;0;0;0;0
145;120,9954854;0;0;0;0;0;0;0
146;120,6028884;0;0;0;0;0;0;0
147;120,1694986;0;0;0;0;0;0;0
148;119,6957653;0;0;0;0;0;0;0
149;119,1821785;0;0;0;0;0;0;0
150;118,6292679;0;0;0;0;0;0;0
151;118,037602;0;0;0;0;0;0;0
152;117,4077871;0;0;0;0;0;0;0
153;116,7404664;0;0;0;0;0;0;0
154;116,0363187;0;0;0;0;0;0;0
155;115,2960576;0;0;0;0;0;0;0
156;114,5204299;0;0;0;0;0;0;0
157;113,7102146;0;0;0;0;0;0;0
158;112,8662212;0;0;0;0;0;0;0
159;111,9892892;0;0;0;0;0;0;0
160;111,0802857;0;0;0;0;0;0;0
161;110,1401047;0;0;0;0;0;0;0
162;109,1696653;0;0;0;0;0;0;0
163;108,1699103;0;0;0;0;0;0;0
164;107,1418047;0;0;0;0;0;0;0
165;106,086334;0;0;0;0;0;0;0
166;105,004503;0;0;0;0;0;0;0
167;103,8973336;0;0;0;0;0;0;0
168;102,7658639;0;0;0;0;0;0;0
169;101,6111461;0;0;0;0;0;0;0
170;100,434245;0;0;0;0;0;0;0
171;99,23623647;0;0;0;0;0;0;0
172;98,01820577;0;0;0;0;0;0;0
173;96,78124588;0;0;0;0;0;0;0
174;95,52645593;0;0;0;0;0;0;0
175;94,25493961;0;0;0;0;0;0;0
176;92,96780353;0;0;0;0;0;0;0
177;91,66615568;0;0;0;0;0;0;0
178;90,35110386;0;0;0;0;0;0;0
179;89,02375414;0;0;0;0;0;0;0
180;87,68520934;0;0;0;0;0;0;0
181;86,33656757;0;0;0;0;0;0;0
182;84,97892075;0;0;0;0;0;0;0
183;83,6133532;0;0;0;0;0;0;0
184;82,24094024;0;0;0;0;0;0;0
185;80,86274689;0;0;0;0;0;0;0
186;79,47982649;0;0;0;0;0;0;0
187;78,09321947;0;0;0;0;0;0;0
188;76,70395216;0;0;0;0;0;0;0
189;75,31303554;0;0;0;0;0;0;0
190;73,92146416;0;0;0;0;0;0;0
191;72,53021507;0;0;0;0;0;0;0
192;71,14024672;0;0;0;0;0;0;0
193;69,75249806;0;0;0;0;0;0;0
194;68,36788758;0;0;0;0;0;0;0
195;66,98731242;0;0;0;0;0;0;0
196;65,61164757;0;0;0;0;0;0;0
197;64,2417451;0;0;0;0;0;0;0
198;62,87843346;0;0;0;0;0;0;0
199;61,5225168;0;0;0;0;0;0;0
200;60,1747744;0;0;0;0;0;0;0
201;58,83596012;0;0;0;0;0;0;0
202;57,50680189;0;0;0;0;0;0;0
203;56,18800133;0;0;0;0;0;0;0
204;54,8802333;0;0;0;0;0;0;0
205;53,58414567;0;0;0;0;0;0;0
206;52,30035896;0;0;0;0;0;0;0
207;51,0294662;0;0;0;0;0;0;0
208;49,77203273;0;0;0;0;0;0;0
209;48,5285961;0;0;0;0;0;0;0
210;47,29966602;0;0;0;0;0;0;0
211;46,08572433;0;0;0;0;0;0;0
212;44,88722507;0;0;0;0;0;0;0
213;43,70459453;0;0;0;0;0;0;0
214;42,53823143;0;0;0;0;0;0;0
215;41,38850704;0;0;0;0;0;0;0
216;40,25576545;0;0;0;0;0;0;0
217;39,14032379;0;0;0;0;0;0;0
218;38,04247256;0;0;0;0;0;0;0
219;36,96247595;0;0;0;0;0;0;0
220;35,90057222;0;0;0;0;0;0;0
221;34,85697409;0;0;0;0;0;0;0
222;33,83186922;0;0;0;0;0;0;0
223;32,82542063;0;0;0;0;0;0;0
224;31,83776725;0;0;0;0;0;0;0
225;30,8690244;0;0;0;0;0;0;0
226;29,91928437;0;0;0;0;0;0;0
227;28,98861697;0;0;0;0;0;0;0
228;28,07707016;0;0;0;0;0;0;0
229;27,18467063;0;0;0;0;0;0;0
230;26,31142445;0;0;0;0;0;0;0
231;25,45731771;0;0;0;0;0;0;0
232;24,62231719;0;0;0;0;0;0;0
233;23,80637102;0;0;0;0;0;0;0
234;23,00940935;0;0;0;0;0;0;0
235;22,2313451;0;0;0;0;0;0;0
236;21,47207459;0;0;0;0;0;0;0
237;20,73147827;0;0;0;0;0;0;0
238;20,00942144;0;0;0;0;0;0;0
239;19,30575493;0;0;0;0;0;0;0
240;18,62031585;0;0;0;0;0;0;0
241;17,95292824;0;0;0;0;0;0;0
242;17,30340382;0;0;0;0;0;0;0
243;16,67154268;0;0;0;0;0;0;0
244;16,05713396;0;0;0;0;0;0;0
245;15,45995658;0;0;0;0;0;0;0
246;14,87977985;0;0;0;0;0;0;0
247;14,31636423;0;0;0;0;0;0;0
248;13,7694619;0;0;0;0;0;0;0
249;13,23881751;0;0;0;0;0;0;0
250;12,72416873;0;0;0;0;0;0;0
251;12,22524694;0;0;0;0;0;0;0
252;11,74177781;0;0;0;0;0;0;0
253;11,27348191;0;0;0;0;0;0;0
254;10,82007532;0;0;0;0;0;0;0
255;10,38127014;0;0;0;0;0;0;0
256;9,956775105;0;0;0;0;0;0;0
257;9,546296083;0;0;0;0;0;0;0
258;9,5;0;0;0;0;0;0;0
259;9,5;0;1;0;0;0;0;0
260;9,5;0;1;0;0;0;0;0
261;9,5;0;1;0;0;0;0;0
262;9,5;0;1;0;0;0;0;0
263;9,5;0;1;0;0;0;0;0
264;9,5;0;1;0;0;0;0;0
265;9,5;0;1;0;0;0;0;0
266;9,5;0;1;0;0;0;0;0
267;9,5;0;1;0;0;0;0;0
268;9,5;0;1;0;0;0;0;0
269;9,5;0;0;0;0;0;0;0
270;9,5;0;0;0;0;0;0;0
271;9,5;0;0;0;0;1;0;0
272;9,5;0;0;0;0;1;0;0
273;9,5;0;0;0;0;1;0;0
274;9,5;0;0;0;0;1;0;0
275;9,5;0;0;0;0;1;0;0
276;9,5;0;0;0;0;1;0;0
277;9,5;0;0;0;0;1;0;0
278;9,5;0;0;0;0;1;0;0
279;9,5;0;0;0;0;1;0;0
280;9,5;0;0;0;0;1;0;0
281;9,5;0;0;0;0;0;0;0
282;9,5;0;0;0;0;0;0;0
283;9,5;0;0;0;0;0;0;0
284;9,5;1;0;0;0;0;0;0
285;9,5;1;0;0;0;0;0;0
286;9,5;1;0;0;0;0;0;0
287;9,5;1;0;0;0;0;0;0
288;9,5;1;0;0;0;0;0;0
289;9,5;1;0;0;0;0;0;0
290;9,5;1;0;0;0;0;0;0
291;9,5;1;0;0;0;0;0;0
292;9,5;1;0;0;0;0;0;0
293;9,5;1;0;0;0;0;0;0
294;9,5;0;0;0;0;0;0;0
295;9,5;0;0;0;0;0;0;0
296;9,5;0;0;0;0;0;0;0
297;9,5;0;0;0;0;0;0;0
298;9,5;0;0;0;0;0;0;0
299;9,5;0;0;0;0;0;0;0
300;9,5;0;0;0;0;0;0;0
301;9,5;0;0;75;0;0;0;0
302;9,5;0;0;76,3;0;0;0;0
303;9,5;0;0;77,7;0;0;0;0
304;9,5;0;0;79,0;0;0;0;0
305;9,5;0;0;80,3;0;0;0;0
306;9,5;0;0;81,7;0;0;0;0
307;9,5;0;0;83,0;0;0;0;0
308;9,5;0;0;84,3;0;0;0;0
309;9,5;0;0;85,7;0;0;0;0
310;9,5;0;0;87,0;0;0;0;0
311;9,5;0;0;88,3;0;0;0;0
312;9,5;0;0;89,7;0;0;0;0
313;9,5;0;0;91,0;0;0;0;0
314;9,5;0;0;92,3;0;0;0;0
315;9,5;0;0;92,3;0;0;0;0
316;9,5;0;0;91,0;0;0;0;0
317;9,5;0;0;89,7;0;0;0;0
318;9,5;0;0;88,3;0;0;0;0
319;9,5;0;0;87,0;0;0;0;0
320;9,5;0;0;85,7;0;0;0;0
321;9,5;0;0;84,3;0;0;0;0
322;9,5;0;0;83,0;0;0;0;0
323;9,5;0;0;81,7;0;0;0;0
324;9,5;0;0;80,3;0;0;0;0
325;9,5;0;0;79,0;0;0;0;0
326;9,5;0;0;77,7;0;0;0;0
327;9,5;0;0;76,3;0;0;0;0
328;9,5;0;0;75,0;0;0;0;0
329;9,5;0;0;0,0;0;0;0;0
330;9,5;0;0;0,0;0;0;0;0
331;9,5;0;0;0,0;0;0;0;0
332;9,5;0;0;0,0;0;0;0;0
333;9,5;0;0;0,0;0;0;75;0
334;9,5;0;0;0,0;0;0;76,3;0
335;9,5;0;0;0,0;0;0;77,7;0
336;9,5;0;0;0,0;0;0;79,0;0
337;9,5;0;0;0,0;0;0;80,3;0
338;9,5;0;0;0,0;0;0;81,7;0
339;9,5;0;0;0,0;0;0;83,0;0
340;9,5;0;0;0,0;0;0;84,3;0
341;9,5;0;0;0,0;0;0;85,7;0
342;9,5;0;0;0,0;0;0;87,0;0
343;9,5;0;0;0,0;0;0;88,3;0
344;9,5;0;0;0,0;0;0;89,7;0
345;9,5;0;0;0,0;0;0;91,0;0
346;9,5;0;0;0,0;0;0;92,3;0
347;9,5;0;0;0,0;0;0;92,3;0
348;9,5;0;0;0,0;0;0;91,0;0
349;9,5;0;0;0,0;0;0;89,7;0
350;9,5;0;0;0,0;0;0;88,3;0
351;9,5;0;0;0,0;0;0;87,0;0
352;9,5;0;0;0,0;0;0;85,7;0
353;9,5;0;0;0,0;0;0;84,3;0
354;9,5;0;0;0,0;0;0;83,0;0
355;9,5;0;0;0,0;0;0;81,7;0
356;9,5;0;0;0,0;0;0;80,3;0
357;9,5;0;0;0,0;0;0;79,0;0
358;9,5;0;0;0,0;0;0;77,7;0
359;9,5;0;0;0,0;0;0;76,3;0
360;9,5;0;0;0,0;0;0;75,0;0
361;9,5;0;0;0,0;1,00;0;0,0;0
362;9,5;0;0;0,0;1,09;0;0,0;0
363;9,5;0;0;0,0;1,18;0;0,0;0
364;9,5;0;0;0,0;1,27;0;0,0;0
365;9,5;0;0;0,0;1,36;0;0,0;0
366;9,5;0;0;0,0;1,45;0;0,0;0
367;9,5;0;0;0,0;1,55;0;0,0;0
368;9,5;0;0;0,0;1,64;0;0,0;0
369;9,5;0;0;0,0;1,73;0;0,0;0
370;9,5;0;0;0,0;1,82;0;0,0;0
371;9,5;0;0;0,0;1,91;0;0,0;0
372;9,5;0;0;0,0;1,82;0;0,0;0
373;9,5;0;0;0,0;1,73;0;0,0;0
374;9,5;0;0;0,0;1,64;0;0,0;0
375;9,5;0;0;0,0;1,55;0;0,0;0
376;9,5;0;0;0,0;1,45;0;0,0;0
377;9,5;0;0;0,0;1,36;0;0,0;0
378;9,5;0;0;0,0;1,27;0;0,0;0
379;9,5;0;0;0,0;1,18;0;0,0;0
380;9,5;0;0;0,0;1,09;0;0,0;0
381;9,5;0;0;0,0;1,00;0;0,0;0
382;9,5;0;0;0,0;0,00;0;0,0;0
383;9,5;0;0;0,0;0,00;0;0,0;1,00
384;9,5;0;0;0,0;0,00;0;0,0;1,09
385;9,5;0;0;0,0;0,00;0;0,0;1,18
386;9,5;0;0;0,0;0,00;0;0,0;1,27
387;9,5;0;0;0,0;0,00;0;0,0;1,36
388;9,5;0;0;0,0;0,00;0;0,0;1,45
389;9,5;0;0;0,0;0,00;0;0,0;1,55
390;9,5;0;0;0,0;0,00;0;0,0;1,64
391;9,5;0;0;0,0;0,00;0;0,0;1,73
392;9,5;0;0;0,0;0,00;0;0,0;1,82
393;9,5;0;0;0,0;0,00;0;0,0;1,91
394;9,5;0;0;0,0;0,00;0;0,0;1,82
395;9,5;0;0;0,0;0,00;0;0,0;1,73
396;9,5;0;0;0,0;0,00;0;0,0;1,64
397;9,5;0;0;0,0;0,00;0;0,0;1,55
398;9,5;0;0;0,0;0,00;0;0,0;1,45
399;9,5;0;0;0,0;0,00;0;0,0;1,36
400;9,5;0;0;0,0;0,00;0;0,0;1,27
401;9,5;0;0;0,0;0,00;0;0,0;1,18
402;9,5;0;0;0,0;0,00;0;0,0;1,09
403;9,5;0;0;0,0;0,00;0;0,0;1,00
404;9,5;0;0;0,0;0,00;0;0,0;0,00
405;9,5;0;0;0,0;1;0;0,0;0,00
406;9,5;0;0;0,0;1,5;0;0,0;0,00
407;9,5;0;0;0,0;2;0;0,0;0,00
408;9,5;0;0;0,0;2,1;0;0,0;0,00
409;9,5;0;0;0,0;0;0;0,0;0,00
410;9,5;0;0;0,0;0;0;0,0;0,00
411;9,5;0;0;0,0;0;0;0,0;0,00
412;9,5;0;0;0,0;0;0;0,0;0,00
413;9,5;0;0;0,0;0;0;0,0;0,00
414;9,5;0;0;0,0;0;0;0,0;0,00
415;9,5;0;0;0,0;0;0;0,0;1
416;9,5;0;0;0,0;0;0;0,0;1,5
417;9,5;0;0;0,0;0;0;0,0;2
418;9,5;0;0;0,0;0;0;0,0;2,1
419;9,5;0;0;0,0;0;0;0,0;0
420;9,5;0;0;0,0;0;0;0,0;0
421;9,5;0;0;89;0;0;0,0;0
422;9,5;0;0;90;0;0;0,0;0
423;9,5;0;0;91;0;0;0,0;0
424;9,5;0;0;92;0;0;0,0;0
425;9,5;0;0;93;0;0;0,0;0
426;9,5;0;0;94;0;0;0,0;0
427;9,5;0;0;95;0;0;0,0;0
428;9,5;0;0;0;0;0;89,0;0
429;9,5;0;0;0;0;0;90,0;0
430;9,5;0;0;0;0;0;91,0;0
431;9,5;0;0;0;0;0;92,0;0
432;9,5;0;0;0;0;0;93,0;0
433;9,5;0;0;0;0;0;94,0;0
434;9,5;0;0;0;0;0;95,0;0
435;9,5;0;0;0;0;0;0,0;0
436;9,5;0;0;0;0;0;0,0;0
437;9,5;0;0;0;0;0;0,0;0
438;0,5;0;0;0;0;0;0,0;0
439;0,85;0;0;0;0;0;0,0;0
440;1,2;0;0;0;0;0;0,0;0
441;1,55;0;0;0;0;0;0,0;0
442;1,9;0;0;0;0;0;0,0;0
443;2,25;0;0;0;0;0;0,0;0
444;2,6;0;0;0;0;0;0,0;0
445;2,95;0;0;0;0;0;0,0;0
446;3,3;0;0;0;0;0;0,0;0
447;3,65;0;0;0;0;0;0,0;0
448;4;0;0;0;0;0;0,0;0
449;4,35;0;0;0;0;0;0,0;0
450;4,7;0;0;0;0;0;0,0;0
451;5,05;0;0;0;0;0;0,0;0
452;5,4;0;0;0;0;0;0,0;0
453;5,75;0;0;0;0;0;0,0;0
454;6,1;0;0;0;0;0;0,0;0
455;6,45;0;0;0;0;0;0,0;0
456;6,8;0;0;0;0;0;0,0;0
457;7,15;0;0;0;0;0;0,0;0
458;7,5;0;0;0;0;0;0,0;0
459;7,85;0;0;0;0;0;0,0;0
460;8,2;0;0;0;0;0;0,0;0
461;8,55;0;0;0;0;0;0,0;0
462;8,9;0;0;0;0;0;0,0;0
463;9,25;0;0;0;0;0;0,0;0
464;9,6;0;0;0;0;0;0,0;0
465;9,95;0;0;0;0;0;0,0;0
466;10,3;0;0;0;0;0;0,0;0
467;10,65;0;0;0;0;0;0,0;0
468;11;0;0;0;0;0;0,0;0
469;11,35;0;0;0;0;0;0,0;0
470;11,7;0;0;0;0;0;0,0;0
471;12,05;0;0;0;0;0;0,0;0
472;12,4;0;0;0;0;0;0,0;0
473;12,75;0;0;0;0;0;0,0;0
474;13,1;0;0;0;0;0;0,0;0
475;13,45;0;0;0;0;0;0,0;0
476;13,8;0;0;0;0;0;0,0;0
477;14,15;0;0;0;0;0;0,0;0
478;14,5;0;0;0;0;0;0,0;0
479;14,85;0;0;0;0;0;0,0;0
480;15,2;0;0;0;0;0;0,0;0
481;15,55;0;0;0;0;0;0,0;0
482;15,9;0;0;0;0;0;0,0;0
483;16,25;0;0;0;0;0;0,0;0
484;16,6;0;0;0;0;0;0,0;0
485;16,95;0;0;0;0;0;0,0;0
486;17,3;0;0;0;0;0;0,0;0
487;17,65;0;0;0;0;0;0,0;0
488;18;0;0;0;0;0;0,0;0
489;18;0;0;0;0;0;0,0;0
490;18;0;0;0;0;0;0,0;0
491;18;0;0;0;0;0;0,0;0
492;18;0;0;0;0;0;0,0;0
493;18;0;0;0;0;0;0,0;0
494;18;0;0;0;0;0;0,0;0
495;18;0;0;0;0;0;0,0;0
496;18;0;0;0;0;0;0,0;0
497;18;0;0;0;0;0;0,0;0
498;18;0;0;0;0;0;0,0;0
499;18;0;0;0;0;0;0,0;0
500;18;0;0;0;0;0;0,0;0
501;18;0;0;0;0;0;0,0;0
502;18;0;0;0;0;0;0,0;0
503;18;0;0;0;0;0;0,0;0
504;18;0;0;0;0;0;0,0;0
505;18;0;0;0;0;0;0,0;0
506;18;0;0;0;0;0;0,0;0
507;18;0;0;0;0;0;0,0;0
508;18;0;0;0;0;0;0,0;0
509;18;0;0;0;0;0;0,0;0
510;18;0;0;0;0;0;0,0;0
511;18;0;0;0;0;0;0,0;0
512;18;0;0;0;0;0;0,0;0
513;18;0;0;0;0;0;0,0;0
514;18;0;0;0;0;0;0,0;0
515;18;0;0;0;0;0;0,0;0
516;18;0;0;0;0;0;0,0;0
517;18;0;0;0;0;0;0,0;0
518;18;0;0;0;0;0;0,0;0
519;17,83333333;0;0;0;0;0;0,0;0
520;17,66666667;0;0;0;0;0;0,0;0
521;17,5;0;0;0;0;0;0,0;0
522;17,33333333;0;0;0;0;0;0,0;0
523;17,16666667;0;0;0;0;0;0,0;0
524;17;0;0;0;0;0;0,0;0
525;16,83333333;0;0;0;0;0;0,0;0
526;16,66666667;0;0;0;0;0;0,0;0
527;16,5;0;0;0;0;0;0,0;0
528;16,33333333;0;0;0;0;0;0,0;0
529;16,16666667;0;0;0;0;0;0,0;0
530;16;0;0;0;0;0;0,0;0
531;15,83333333;0;0;0;0;0;0,0;0
532;15,66666667;0;0;0;0;0;0,0;0
533;15,5;0;0;0;0;0;0,0;0
534;15,33333333;0;0;0;0;0;0,0;0
535;15,16666667;0;0;0;0;0;0,0;0
536;15;0;0;0;0;0;0,0;0
537;14,83333333;0;0;0;0;0;0,0;0
538;14,66666667;0;0;0;0;0;0,0;0
539;14,5;0;0;0;0;0;0,0;0
540;14,33333333;0;0;0;0;0;0,0;0
541;14,16666667;0;0;0;0;0;0,0;0
542;14;0;0;0;0;0;0,0;0
543;13,83333333;0;0;0;0;0;0,0;0
544;13,66666667;0;0;0;0;0;0,0;0
545;13,5;0;0;0;0;0;0,0;0
546;13,33333333;0;0;0;0;0;0,0;0
547;13,16666667;0;0;0;0;0;0,0;0
548;13;0;0;0;0;0;0,0;0
549;12,64285714;0;0;0;0;0;0,0;0
550;12,28571429;0;0;0;0;0;0,0;0
551;11,92857143;0;0;0;0;0;0,0;0
552;11,57142857;0;0;0;0;0;0,0;0
553;11,21428571;0;0;0;0;0;0,0;0
554;10,85714286;0;0;0;0;0;0,0;0
555;10,5;0;0;0;0;0;0,0;0
556;10,14285714;0;0;0;0;0;0,0;0
557;9,785714286;0;0;0;0;0;0,0;0
558;9,428571429;0;0;0;0;0;0,0;0
559;9,071428571;0;0;0;0;0;0,0;0
560;8,714285714;0;0;0;0;0;0,0;0
561;8,357142857;0;0;0;0;0;0,0;0
562;8;0;0;0;0;0;0,0;0
563;7,642857143;0;0;0;0;0;0,0;0
564;7,285714286;0;0;0;0;0;0,0;0
565;6,928571429;0;0;0;0;0;0,0;0
566;6,571428571;0;0;0;0;0;0,0;0
567;6,214285714;0;0;0;0;0;0,0;0
568;5,857142857;0;0;0;0;0;0,0;0
569;5,5;0;0;0;0;0;0,0;0
570;5,142857143;0;0;0;0;0;0,0;0
571;4,785714286;0;0;0;0;0;0,0;0
572;4,428571429;0;0;0;0;0;0,0;0
573;4,071428571;0;0;0;0;0;0,0;0
574;3,714285714;0;0;0;0;0;0,0;0
575;3,357142857;0;0;0;0;0;0,0;0
576;3;0;0;0;0;0;0,0;0
577;2,642857143;0;0;0;0;0;0,0;0
578;2,285714286;0;0;0;0;0;0,0;0
579;1,928571429;0;0;0;0;0;0,0;0
580;1,571428571;0;0;0;0;0;0,0;0
581;1,214285714;0;0;0;0;0;0,0;0
582;0,857142857;0;0;0;0;0;0,0;0
583;0,5;0;0;0;0;0;0,0;0
584;0,5;0;0;0;0;0;0,0;0
585;0,5;0;0;0;0;0;0,0;0
586;0,5;0;0;0;0;0;0,0;0
587;0,5;0;0;0;0;0;0,0;0
588;0,5;0;0;0;0;0;0,0;0
589;0,5;0;0;0;0;0;0,0;0
590;0,5;0;0;0;0;0;0,0;0
591;0,5;0;0;0;0;0;0,0;0
592;0,5;0;0;0;0;0;0,0;0
593;0,5;0;0;0;0;0;0,0;0
594;0,5;0;0;0;0;0;0,0;0
595;0,5;0;0;0;0;0;0,0;0
596;0,5;0;0;0;0;0;0,0;0
597;0,5;0;0;0;0;0;0,0;0
598;0,5;0;0;0;0;0;0,0;0
599;0,5;0;0;0;0;0;0,0;0
600;0,5;0;0;0;0;0;0,0;0
601;0,5;0;0;0;0;0;0,0;0
602;0,5;0;0;0;0;0;0,0;0
603;0,5;0;0;0;0;0;0,0;0
604;0,5;0;0;0;0;0;0,0;0
605;0,5;0;0;0;0;0;0,0;0
606;0,5;0;0;0;0;0;0,0;0
607;0,5;0;0;0;0;0;0,0;0
608;0,5;0;0;0;0;0;0,0;0
609;6;0;0;0;0;0;0,0;0
610;6;0;0;0;0;0;0,0;0
611;6;0;0;0;0;0;0,0;0
612;6;0;0;0;0;0;0,0;0
613;6;0;0;0;0;0;0,0;0
614;6,12;0;0;0;0;0;0,0;0
615;6,24;0;0;0;0;0;0,0;0
616;6,36;0;0;0;0;0;0,0;0
617;6,48;0;0;0;0;0;0,0;0
618;6,6;0;0;0;0;0;0,0;0
619;6,72;0;0;0;0;0;0,0;0
620;6,84;0;0;0;0;0;0,0;0
621;6,96;0;0;0;0;0;0,0;0
622;7,08;0;0;0;0;0;0,0;0
623;7,2;0;0;0;0;0;0,0;0
624;7,32;0;0;0;0;0;0,0;0
625;7,44;0;0;0;0;0;0,0;0
626;7,56;0;0;0;0;0;0,0;0
627;7,68;0;0;0;0;0;0,0;0
628;7,8;0;0;0;0;0;0,0;0
629;7,92;0;0;0;0;0;0,0;0
630;8,04;0;0;0;0;0;0,0;0
631;8,16;0;0;0;0;0;0,0;0
632;8,28;0;0;0;0;0;0,0;0
633;8,4;0;0;0;0;0;0,0;0
634;8,52;0;0;0;0;0;0,0;0
635;8,64;0;0;0;0;0;0,0;0
636;8,76;0;0;0;0;0;0,0;0
637;8,88;0;0;0;0;0;0,0;0
638;9;0;0;0;0;0;0,0;0
639;9,133333333;0;0;0;0;0;0,0;0
640;9,266666667;0;0;0;0;0;0,0;0
641;9,4;0;0;0;0;0;0,0;0
642;9,533333333;0;0;0;0;0;0,0;0
643;9,666666667;0;0;0;0;0;0,0;0
644;9,8;0;0;0;0;0;0,0;0
645;9,933333333;0;0;0;0;0;0,0;0
646;10,06666667;0;0;0;0;0;0,0;0
647;10,2;0;0;0;0;0;0,0;0
648;10,33333333;0;0;0;0;0;0,0;0
649;10,46666667;0;0;0;0;0;0,0;0
650;10,6;0;0;0;0;0;0,0;0
651;10,73333333;0;0;0;0;0;0,0;0
652;10,86666667;0;0;0;0;0;0,0;0
653;11;0;0;0;0;0;0,0;0
654;11,13333333;0;0;0;0;0;0,0;0
655;11,26666667;0;0;0;0;0;0,0;0
656;11,4;0;0;0;0;0;0,0;0
657;11,53333333;0;0;0;0;0;0,0;0
658;11,66666667;0;0;0;0;0;0,0;0
659;11,8;0;0;0;0;0;0,0;0
660;11,93333333;0;0;0;0;0;0,0;0
661;12,06666667;0;0;0;0;0;0,0;0
662;12,2;0;0;0;0;0;0,0;0
663;12,33333333;0;0;0;0;0;0,0;0
664;12,46666667;0;0;0;0;0;0,0;0
665;12,6;0;0;0;0;0;0,0;0
666;12,73333333;0;0;0;0;0;0,0;0
667;12,86666667;0;0;0;0;0;0,0;0
668;13;0;0;0;0;0;0,0;0
669;13,13333333;0;0;0;0;0;0,0;0
670;13,26666667;0;0;0;0;0;0,0;0
671;13,4;0;0;0;0;0;0,0;0
672;13,53333333;0;0;0;0;0;0,0;0
673;13,66666667;0;0;0;0;0;0,0;0
674;13,8;0;0;0;0;0;0,0;0
675;13,93333333;0;0;0;0;0;0,0;0
676;14,06666667;0;0;0;0;0;0,0;0
677;14,2;0;0;0;0;0;0,0;0
678;14,33333333;0;0;0;0;0;0,0;0
679;14,46666667;0;0;0;0;0;0,0;0
680;14,6;0;0;0;0;0;0,0;0
681;14,73333333;0;0;0;0;0;0,0;0
682;14,86666667;0;0;0;0;0;0,0;0
683;15;0;0;0;0;0;0,0;0
684;15,13333333;0;0;0;0;0;0,0;0
685;15,26666667;0;0;0;0;0;0,0;0
686;15,4;0;0;0;0;0;0,0;0
687;15,53333333;0;0;0;0;0;0,0;0
688;15,66666667;0;0;0;0;0;0,0;0
689;15,8;0;0;0;0;0;0,0;0
690;15,93333333;0;0;0;0;0;0,0;0
691;16,06666667;0;0;0;0;0;0,0;0
692;16,2;0;0;0;0;0;0,0;0
693;16,33333333;0;0;0;0;0;0,0;0
694;16,46666667;0;0;0;0;0;0,0;0
695;16,6;0;0;0;0;0;0,0;0
696;16,73333333;0;0;0;0;0;0,0;0
697;16,86666667;0;0;0;0;0;0,0;0
698;17;0;0;0;0;0;0,0;0
699;17;0;0;0;0;0;0,0;0
700;17;0;0;0;0;0;0,0;0
701;17;0;0;0;0;0;0,0;0
702;17;0;0;0;0;0;0,0;0
703;17;0;0;0;0;0;0,0;0
704;17;0;0;0;0;0;0,0;0
705;17;0;0;0;0;0;0,0;0
706;17;0;0;0;0;0;0,0;0
707;17;0;0;0;0;0;0,0;0
708;17;0;0;0;0;0;0,0;0
709;17,65;0;0;0;0;0;0,0;0
710;18,3;0;0;0;0;0;0,0;0
711;18,95;0;0;0;0;0;0,0;0
712;19,6;0;0;0;0;0;0,0;0
713;20,25;0;0;0;0;0;0,0;0
714;20,9;0;0;0;0;0;0,0;0
715;21,55;0;0;0;0;0;0,0;0
716;22,2;0;0;0;0;0;0,0;0
717;22,85;0;0;0;0;0;0,0;0
718;23,5;0;0;0;0;0;0,0;0
719;24,15;0;0;0;0;0;0,0;0
720;24,8;0;0;0;0;0;0,0;0
721;25,45;0;0;0;0;0;0,0;0
722;26,1;0;0;0;0;0;0,0;0
723;26,75;0;0;0;0;0;0,0;0
724;27,4;0;0;0;0;0;0,0;0
725;28,05;0;0;0;0;0;0,0;0
726;28,7;0;0;0;0;0;0,0;0
727;29,35;0;0;0;0;0;0,0;0
728;30;0;0;0;0;0;0,0;0
729;29,78166667;0;0;0;0;0;0,0;0
730;29,56333333;0;0;0;0;0;0,0;0
731;29,345;0;0;0;0;0;0,0;0
732;29,12666667;0;0;0;0;0;0,0;0
733;28,90833333;0;0;0;0;0;0,0;0
734;28,69;0;0;0;0;0;0,0;0
735;28,47166667;0;0;0;0;0;0,0;0
736;28,25333333;0;0;0;0;0;0,0;0
737;28,035;0;0;0;0;0;0,0;0
738;27,81666667;0;0;0;0;0;0,0;0
739;27,59833333;0;0;0;0;0;0,0;0
740;27,38;0;0;0;0;0;0,0;0
741;27,16166667;0;0;0;0;0;0,0;0
742;26,94333333;0;0;0;0;0;0,0;0
743;26,725;0;0;0;0;0;0,0;0
744;26,50666667;0;0;0;0;0;0,0;0
745;26,28833333;0;0;0;0;0;0,0;0
746;26,07;0;0;0;0;0;0,0;0
747;25,85166667;0;0;0;0;0;0,0;0
748;25,63333333;0;0;0;0;0;0,0;0
749;25,415;0;0;0;0;0;0,0;0
750;25,19666667;0;0;0;0;0;0,0;0
751;24,97833333;0;0;0;0;0;0,0;0
752;24,76;0;0;0;0;0;0,0;0
753;24,54166667;0;0;0;0;0;0,0;0
754;24,32333333;0;0;0;0;0;0,0;0
755;24,105;0;0;0;0;0;0,0;0
756;23,88666667;0;0;0;0;0;0,0;0
757;23,66833333;0;0;0;0;0;0,0;0
758;23,45;0;0;0;0;0;0,0;0
759;23,23166667;0;0;0;0;0;0,0;0
760;23,01333333;0;0;0;0;0;0,0;0
761;22,795;0;0;0;0;0;0,0;0
762;22,57666667;0;0;0;0;0;0,0;0
763;22,35833333;0;0;0;0;0;0,0;0
764;22,14;0;0;0;0;0;0,0;0
765;21,92166667;0;0;0;0;0;0,0;0
766;21,70333333;0;0;0;0;0;0,0;0
767;21,485;0;0;0;0;0;0,0;0
768;21,26666667;0;0;0;0;0;0,0;0
769;21,04833333;0;0;0;0;0;0,0;0
770;20,83;0;0;0;0;0;0,0;0
771;20,61166667;0;0;0;0;0;0,0;0
772;20,39333333;0;0;0;0;0;0,0;0
773;20,175;0;0;0;0;0;0,0;0
774;19,95666667;0;0;0;0;0;0,0;0
775;19,73833333;0;0;0;0;0;0,0;0
776;19,52;0;0;0;0;0;0,0;0
777;19,30166667;0;0;0;0;0;0,0;0
778;19,08333333;0;0;0;0;0;0,0;0
779;18,865;0;0;0;0;0;0,0;0
780;18,64666667;0;0;0;0;0;0,0;0
781;18,42833333;0;0;0;0;0;0,0;0
782;18,21;0;0;0;0;0;0,0;0
783;17,99166667;0;0;0;0;0;0,0;0
784;17,77333333;0;0;0;0;0;0,0;0
785;17,555;0;0;0;0;0;0,0;0
786;17,33666667;0;0;0;0;0;0,0;0
787;17,11833333;0;0;0;0;0;0,0;0
788;16,9;0;0;0;0;0;0,0;0
789;16,68166667;0;0;0;0;0;0,0;0
790;16,46333333;0;0;0;0;0;0,0;0
791;16,245;0;0;0;0;0;0,0;0
792;16,02666667;0;0;0;0;0;0,0;0
793;15,80833333;0;0;0;0;0;0,0;0
794;15,59;0;0;0;0;0;0,0;0
795;15,37166667;0;0;0;0;0;0,0;0
796;15,15333333;0;0;0;0;0;0,0;0
797;14,935;0;0;0;0;0;0,0;0
798;14,71666667;0;0;0;0;0;0,0;0
799;14,49833333;0;0;0;0;0;0,0;0
800;14,28;0;0;0;0;0;0,0;0
801;14,06166667;0;0;0;0;0;0,0;0
802;13,84333333;0;0;0;0;0;0,0;0
803;13,625;0;0;0;0;0;0,0;0
804;13,40666667;0;0;0;0;0;0,0;0
805;13,18833333;0;0;0;0;0;0,0;0
806;12,97;0;0;0;0;0;0,0;0
807;12,75166667;0;0;0;0;0;0,0;0
808;12,53333333;0;0;0;0;0;0,0;0
809;12,315;0;0;0;0;0;0,0;0
810;12,09666667;0;0;0;0;0;0,0;0
811;11,87833333;0;0;0;0;0;0,0;0
812;11,66;0;0;0;0;0;0,0;0
813;11,44166667;0;0;0;0;0;0,0;0
814;11,22333333;0;0;0;0;0;0,0;0
815;11,005;0;0;0;0;0;0,0;0
816;10,78666667;0;0;0;0;0;0,0;0
817;10,56833333;0;0;0;0;0;0,0;0
818;10,35;0;0;0;0;0;0,0;0
819;10,13166667;0;0;0;0;0;0,0;0
820;9,913333333;0;0;0;0;0;0,0;0
821;9,695;0;0;0;0;0;0,0;0
822;9,476666667;0;0;0;0;0;0,0;0
823;9,258333333;0;0;0;0;0;0,0;0
824;9,04;0;0;0;0;0;0,0;0
825;8,821666667;0;0;0;0;0;0,0;0
826;8,603333333;0;0;0;0;0;0,0;0
827;8,385;0;0;0;0;0;0,0;0
828;8,166666667;0;0;0;0;0;0,0;0
829;7,948333333;0;0;0;0;0;0,0;0
830;7,73;0;0;0;0;0;0,0;0
831;7,511666667;0;0;0;0;0;0,0;0
832;7,293333333;0;0;0;0;0;0,0;0
833;7,075;0;0;0;0;0;0,0;0
834;6,856666667;0;0;0;0;0;0,0;0
835;6,638333333;0;0;0;0;0;0,0;0
836;6,42;0;0;0;0;0;0,0;0
837;6,201666667;0;0;0;0;0;0,0;0
838;5,983333333;0;0;0;0;0;0,0;0
839;5,765;0;0;0;0;0;0,0;0
840;5,546666667;0;0;0;0;0;0,0;0
841;5,328333333;0;0;0;0;0;0,0;0
842;5,11;0;0;0;0;0;0,0;0
843;4,891666667;0;0;0;0;0;0,0;0
844;4,673333333;0;0;0;0;0;0,0;0
845;4,455;0;0;0;0;0;0,0;0
846;4,236666667;0;0;0;0;0;0,0;0
847;4,018333333;0;0;0;0;0;0,0;0
848;2;0;0;0;0;0;0,0;0
1124;3;0;0;0;0;0;0,0;0
1125;3,8;0;0;0;0;0;0,0;0
1126;3,8;0;0;0;0;0;0,0;0
1127;3,883333333;0;0;0;0;0;0,0;0
1128;3,966666667;0;0;0;0;0;0,0;0
1129;4,05;0;0;0;0;0;0,0;0
1130;4,133333333;0;0;0;0;0;0,0;0
1131;4,216666667;0;0;0;0;0;0,0;0
1132;4,3;0;0;0;0;0;0,0;0
1133;4,383333333;0;0;0;0;0;0,0;0
1134;4,466666667;0;0;0;0;0;0,0;0
1135;4,55;0;0;0;0;0;0,0;0
1136;4,633333333;0;0;0;0;0;0,0;0
1137;4,716666667;0;0;0;0;0;0,0;0
1138;4,8;0;0;0;0;0;0,0;0
1139;4,883333333;0;0;0;0;0;0,0;0
1140;4,966666667;0;0;0;0;0;0,0;0
1141;5,05;0;0;0;0;0;0,0;0
1142;5,133333333;0;0;0;0;0;0,0;0
1143;5,216666667;0;0;0;0;0;0,0;0
1144;5,3;0;0;0;0;0;0,0;0
1145;5,383333333;0;0;0;0;0;0,0;0
1146;5,466666667;0;0;0;0;0;0,0;0
1147;5,55;0;0;0;0;0;0,0;0
1148;5,633333333;0;0;0;0;0;0,0;0
1149;5,716666667;0;0;0;0;0;0,0;0
1150;5,8;0;0;0;0;0;0,0;0
1151;5,883333333;0;0;0;0;0;0,0;0
1152;5,966666667;0;0;0;0;0;0,0;0
1153;6,05;0;0;0;0;0;0,0;0
1154;6,133333333;0;0;0;0;0;0,0;0
1155;6,216666667;0;0;0;0;0;0,0;0
1156;6,3;0;0;0;0;0;0,0;0
1157;6,383333333;0;0;0;0;0;0,0;0
1158;6,466666667;0;0;0;0;0;0,0;0
1159;6,55;0;0;0;0;0;0,0;0
1160;6,633333333;0;0;0;0;0;0,0;0
1161;6,716666667;0;0;0;0;0;0,0;0
1162;6,8;0;0;0;0;0;0,0;0
1163;6,883333333;0;0;0;0;0;0,0;0
1164;6,966666667;0;0;0;0;0;0,0;0
1165;7,05;0;0;0;0;0;0,0;0
1166;7,133333333;0;0;0;0;0;0,0;0
1167;7,216666667;0;0;0;0;0;0,0;0
1168;7,3;0;0;0;0;0;0,0;0
1169;7,383333333;0;0;0;0;0;0,0;0
1170;7,466666667;0;0;0;0;0;0,0;0
1171;7,55;0;0;0;0;0;0,0;0
1172;7,633333333;0;0;0;0;0;0,0;0
1173;7,716666667;0;0;0;0;0;0,0;0
1174;7,8;0;0;0;0;0;0,0;0
1175;7,883333333;0;0;0;0;0;0,0;0
1176;7,966666667;0;0;0;0;0;0,0;0
1177;8,05;0;0;0;0;0;0,0;0
1178;8,133333333;0;0;0;0;0;0,0;0
1179;8,216666667;0;0;0;0;0;0,0;0
1180;8,3;0;0;0;0;0;0,0;0
1181;8,383333333;0;0;0;0;0;0,0;0
1182;8,466666667;0;0;0;0;0;0,0;0
1183;8,55;0;0;0;0;0;0,0;0
1184;8,633333333;0;0;0;0;0;0,0;0
1185;8,716666667;0;0;0;0;0;0,0;0
1186;8,8;0;0;0;0;0;0,0;0
1187;8,8;0;0;0;0;0;0,0;0
1188;8,8;0;0;0;0;0;0,0;0
1189;8,8;0;0;0;0;0;0,0;0
1190;8,8;0;0;0;0;0;0,0;0
1191;8,8;0;0;0;0;0;0,0;0
1192;8,8;0;0;0;0;0;0,0;0
1193;8,8;0;0;0;0;0;0,0;0
1194;8,8;0;0;0;0;0;0,0;0
1195;8,8;0;0;0;0;0;0,0;0
1196;8,8;0;0;0;0;0;0,0;0
1197;8,8;0;0;0;0;0;0,0;0
1198;8,8;0;0;0;0;0;0,0;0
1199;8,8;0;0;0;0;0;0,0;0
1200;8,8;0;0;0;0;0;0,0;0
1201;8,8;0;0;0;0;0;0,0;0
1202;8,8;0;0;0;0;0;0,0;0
1203;8,8;0;0;0;0;0;0,0;0
1204;8,8;0;0;0;0;0;0,0;0
1205;8,8;0;0;0;0;0;0,0;0
1206;8,8;0;0;0;0;0;0,0;0
1207;8,8;0;0;0;0;0;0,0;0
1208;9,176433253;0;0;0;0;0;0,0;0
1209;9,549525258;0;0;0;0;0;0,0;0
1210;9,915964424;0;0;0;0;0;0,0;0
1211;10,27249821;0;0;0;0;0;0,0;0
1212;10,615962;0;0;0;0;0;0,0;0
1213;10,94330718;0;0;0;0;0;0,0;0
1214;11,25162821;0;0;0;0;0;0,0;0
1215;11,53818842;0;0;0;0;0;0,0;0
1216;11,80044428;0;0;0;0;0;0,0;0
1217;12,03606798;0;0;0;0;0;0,0;0
1218;12,24296811;0;0;0;0;0;0,0;0
1219;12,41930821;0;0;0;0;0;0,0;0
1220;12,56352308;0;0;0;0;0;0,0;0
1221;12,67433264;0;0;0;0;0;0,0;0
1222;12,75075336;0;0;0;0;0;0,0;0
1223;12,79210691;0;0;0;0;0;0,0;0
1224;12,79802624;0;0;0;0;0;0,0;0
1225;12,76845881;0;0;0;0;0;0,0;0
1226;12,70366705;0;0;0;0;0;0,0;0
1227;12,60422607;0;0;0;0;0;0,0;0
1228;12,4710185;0;0;0;0;0;0,0;0
1229;12,30522672;0;0;0;0;0;0,0;0
1230;12,1083223;0;0;0;0;0;0,0;0
1231;11,88205297;0;0;0;0;0;0,0;0
1232;11,62842712;0;0;0;0;0;0,0;0
1233;11,34969596;0;0;0;0;0;0,0;0
1234;11,04833351;0;0;0;0;0;0,0;0
1235;10,7270147;0;0;0;0;0;0,0;0
1236;10,38859156;0;0;0;0;0;0,0;0
1237;10,03606798;0;0;0;0;0;0,0;0
1238;9,672572966;0;0;0;0;0;0,0;0
1239;9,301332934;0;0;0;0;0;0,0;0
1240;8,925643036;0;0;0;0;0;0,0;0
1241;8,548837922;0;0;0;0;0;0,0;0
1242;8,17426214;0;0;0;0;0;0,0;0
1243;7,805240451;0;0;0;0;0;0,0;0
1244;7,445048319;0;0;0;0;0;0,0;0
1245;7,096882834;0;0;0;0;0;0,0;0
1246;6,763834337;0;0;0;0;0;0,0;0
1247;6,448858991;0;0;0;0;0;0,0;0
1248;6,154752539;0;0;0;0;0;0,0;0
1249;5,88412549;0;0;0;0;0;0,0;0
1250;5,63937995;0;0;0;0;0;0,0;0
1251;5,422688298;0;0;0;0;0;0,0;0
1252;5,235973903;0;0;0;0;0;0,0;0
1253;5,080894056;0;0;0;0;0;0,0;0
1254;4,958825257;0;0;0;0;0;0,0;0
1255;4,870850997;0;0;0;0;0;0,0;0
1256;4,817752142;0;0;0;0;0;0,0;0
1257;4,8;0;0;0;0;0;0,0;0
1258;4,817752142;0;0;0;0;0;0,0;0
1259;4,870850997;0;0;0;0;0;0,0;0
1260;4,958825257;0;0;0;0;0;0,0;0
1261;5,080894056;0;0;0;0;0;0,0;0
1262;5,235973903;0;0;0;0;0;0,0;0
1263;5,422688298;0;0;0;0;0;0,0;0
1264;5,63937995;0;0;0;0;0;0,0;0
1265;5,88412549;0;0;0;0;0;0,0;0
1266;6,154752539;0;0;0;0;0;0,0;0
1267;6,448858991;0;0;0;0;0;0,0;0
1268;6,763834337;0;0;0;0;0;0,0;0
1269;7,096882834;0;0;0;0;0;0,0;0
1270;7,445048319;0;0;0;0;0;0,0;0
1271;7,805240451;0;0;0;0;0;0,0;0
1272;8,17426214;0;0;0;0;0;0,0;0
1273;8,548837922;0;0;0;0;0;0,0;0
1274;8,8;0;0;0;0;0;0,0;0
1275;8,8;0;0;0;0;0;0,0;0
1276;8,8;0;0;0;0;0;0,0;0
1277;8,8;0;0;0;0;0;0,0;0
1278;8,8;0;0;0;0;0;0,0;0
1279;8,8;0;0;0;0;0;0,0;0
1280;8,8;0;0;0;0;0;0,0;0
1281;8,8;0;0;0;0;0;0,0;0
1282;8,8;0;0;0;0;0;0,0;0
1283;8,8;0;0;0;0;0;0,0;0
1284;8,8;0;0;0;0;0;0,0;0
1285;8,8;0;0;0;0;0;0,0;0
1286;8,8;0;0;0;0;0;0,0;0
1287;8,8;0;0;0;0;0;0,0;0
1288;8,8;0;0;0;0;0;0,0;0
1289;8,8;0;0;0;0;0;0,0;0
1290;8,8;0;0;0;0;0;0,0;0
1291;8,8;0;0;0;0;0;0,0;0
1292;8,945;0;0;0;0;0;0,0;0
1293;9,09;0;0;0;0;0;0,0;0
1294;9,235;0;0;0;0;0;0,0;0
1295;9,38;0;0;0;0;0;0,0;0
1296;9,525;0;0;0;0;0;0,0;0
1297;9,67;0;0;0;0;0;0,0;0
1298;9,815;0;0;0;0;0;0,0;0
1299;9,96;0;0;0;0;0;0,0;0
1300;10,105;0;0;0;0;0;0,0;0
1301;10,25;0;0;0;0;0;0,0;0
1302;10,395;0;0;0;0;0;0,0;0
1303;10,54;0;0;0;0;0;0,0;0
1304;10,685;0;0;0;0;0;0,0;0
1305;10,83;0;0;0;0;0;0,0;0
1306;10,975;0;0;0;0;0;0,0;0
1307;11,12;0;0;0;0;0;0,0;0
1308;11,265;0;0;0;0;0;0,0;0
1309;11,41;0;0;0;0;0;0,0;0
1310;11,555;0;0;0;0;0;0,0;0
1311;11,7;0;0;0;0;0;0,0;0
1312;11,845;0;0;0;0;0;0,0;0
1313;11,99;0;0;0;0;0;0,0;0
1314;12,135;0;0;0;0;0;0,0;0
1315;12,28;0;0;0;0;0;0,0;0
1316;12,425;0;0;0;0;0;0,0;0
1317;12,57;0;0;0;0;0;0,0;0
1318;12,715;0;0;0;0;0;0,0;0
1319;12,86;0;0;0;0;0;0,0;0
1320;13,005;0;0;0;0;0;0,0;0
1321;13,15;0;0;0;0;0;0,0;0
1322;13,15;0;0;0;0;0;0,0;0
1323;13,47717443;0;0;0;0;0;0,0;0
1324;13,80233172;0;0;0;0;0;0,0;0
1325;14,12346717;0;0;0;0;0;0,0;0
1326;14,43860087;0;0;0;0;0;0,0;0
1327;14,74578991;0;0;0;0;0;0,0;0
1328;15,04314038;0;0;0;0;0;0,0;0
1329;15,32881901;0;0;0;0;0;0,0;0
1330;15,6010645;0;0;0;0;0;0,0;0
1331;15,85819836;0;0;0;0;0;0,0;0
1332;16,09863528;0;0;0;0;0;0,0;0
1333;16,32089288;0;0;0;0;0;0,0;0
1334;16,52360087;0;0;0;0;0;0,0;0
1335;16,70550949;0;0;0;0;0;0,0;0
1336;16,86549721;0;0;0;0;0;0,0;0
1337;17,00257765;0;0;0;0;0;0,0;0
1338;17,11590567;0;0;0;0;0;0,0;0
1339;17,20478257;0;0;0;0;0;0,0;0
1340;17,26866038;0;0;0;0;0;0,0;0
1341;17,30714528;0;0;0;0;0;0,0;0
1342;17,32;0;0;0;0;0;0,0;0
1343;17,30714528;0;0;0;0;0;0,0;0
1344;17,26866038;0;0;0;0;0;0,0;0
1345;17,20478257;0;0;0;0;0;0,0;0
1346;17,11590567;0;0;0;0;0;0,0;0
1347;17,00257765;0;0;0;0;0;0,0;0
1348;16,86549721;0;0;0;0;0;0,0;0
1349;16,70550949;0;0;0;0;0;0,0;0
1350;16,52360087;0;0;0;0;0;0,0;0
1351;16,32089288;0;0;0;0;0;0,0;0
1352;16,09863528;0;0;0;0;0;0,0;0
1353;15,85819836;0;0;0;0;0;0,0;0
1354;15,6010645;0;0;0;0;0;0,0;0
1355;15,32881901;0;0;0;0;0;0,0;0
1356;15,04314038;0;0;0;0;0;0,0;0
1357;14,74578991;0;0;0;0;0;0,0;0
1358;14,43860087;0;0;0;0;0;0,0;0
1359;14,12346717;0;0;0;0;0;0,0;0
1360;13,80233172;0;0;0;0;0;0,0;0
1361;13,47717443;0;0;0;0;0;0,0;0
1362;13,15;0;0;0;0;0;0,0;0
1363;12,82282557;0;0;0;0;0;0,0;0
1364;12,49766828;0;0;0;0;0;0,0;0
1365;12,17653283;0;0;0;0;0;0,0;0
1366;11,86139913;0;0;0;0;0;0,0;0
1367;11,55421009;0;0;0;0;0;0,0;0
1368;11,25685962;0;0;0;0;0;0,0;0
1369;10,97118099;0;0;0;0;0;0,0;0
1370;10,6989355;0;0;0;0;0;0,0;0
1371;10,44180164;0;0;0;0;0;0,0;0
1372;10,20136472;0;0;0;0;0;0,0;0
1373;9,979107123;0;0;0;0;0;0,0;0
1374;9,776399133;0;0;0;0;0;0,0;0
1375;9,594490515;0;0;0;0;0;0,0;0
1376;9,434502794;0;0;0;0;0;0,0;0
1377;9,297422349;0;0;0;0;0;0,0;0
1378;9,184094327;0;0;0;0;0;0,0;0
1379;9,095217432;0;0;0;0;0;0,0;0
1380;9,03133962;0;0;0;0;0;0,0;0
1381;8,992854718;0;0;0;0;0;0,0;0
1382;8,98;0;0;0;0;0;0,0;0
1383;8,992854718;0;0;0;0;0;0,0;0
1384;9,03133962;0;0;0;0;0;0,0;0
1385;9,095217432;0;0;0;0;0;0,0;0
1386;9,184094327;0;0;0;0;0;0,0;0
1387;9,297422349;0;0;0;0;0;0,0;0
1388;9,434502794;0;0;0;0;0;0,0;0
1389;9,594490515;0;0;0;0;0;0,0;0
1390;9,776399133;0;0;0;0;0;0,0;0
1391;9,979107123;0;0;0;0;0;0,0;0
1392;10,20136472;0;0;0;0;0;0,0;0
1393;10,44180164;0;0;0;0;0;0,0;0
1394;10,6989355;0;0;0;0;0;0,0;0
1395;10,97118099;0;0;0;0;0;0,0;0
1396;11,25685962;0;0;0;0;0;0,0;0
1397;11,55421009;0;0;0;0;0;0,0;0
1398;11,86139913;0;0;0;0;0;0,0;0
1399;12,17653283;0;0;0;0;0;0,0;0
1400;12,49766828;0;0;0;0;0;0,0;0
1401;12,82282557;0;0;0;0;0;0,0;0
1402;13,15;0;0;0;0;0;0,0;0
1403;7,92;0;0;0;0;0;0,0;0
1404;7,92;0;0;0;0;0;0,0;0
1405;7,92;0;0;0;0;0;0,0;0
1406;7,92;0;0;0;0;0;0,0;0
1407;7,92;0;0;0;0;0;0,0;0
1408;7,92;0;0;0;0;0;0,0;0
1409;7,92;0;0;0;0;0;0,0;0
1410;7,92;0;0;0;0;0;0,0;0
1411;7,92;0;0;0;0;0;0,0;0
1412;7,92;0;0;0;0;0;0,0;0
1413;7,92;0;0;0;0;0;0,0;0
1414;7,92;0;0;0;0;0;0,0;0
1415;7,92;0;0;0;0;0;0,0;0
1416;7,92;0;0;0;0;0;0,0;0
1417;8,008;0;0;0;0;0;0,0;0
1418;8,096;0;0;0;0;0;0,0;0
1419;8,184;0;0;0;0;0;0,0;0
1420;8,272;0;0;0;0;0;0,0;0
1421;8,36;0;0;0;0;0;0,0;0
1422;8,448;0;0;0;0;0;0,0;0
1423;8,536;0;0;0;0;0;0,0;0
1424;8,624;0;0;0;0;0;0,0;0
1425;8,712;0;0;0;0;0;0,0;0
1426;8,8;0;0;0;0;0;0,0;0
1427;8,8;0;0;0;0;0;0,0;0
1428;8,8;0;0;0;0;0;0,0;0
1429;8,8;0;0;0;0;0;0,0;0
1430;8,8;0;0;0;0;0;0,0;0
1431;8,8;0;0;0;0;0;0,0;0
1432;8,8;0;0;0;0;0;0,0;0
1433;8,8;0;0;0;0;0;0,0;0
1434;8,8;0;0;0;0;0;0,0;0
1435;8,8;0;0;0;0;0;0,0;0
1436;8,8;0;0;0;0;0;0,0;0
1437;8,8;0;0;0;0;0;0,0;0
1438;8,8;0;0;0;0;0;0,0;0
1439;8,8;0;0;0;0;0;0,0;0
1440;8,8;0;0;0;0;0;0,0;0
1441;8;0;0;0;0;0;0,0;0
1442;8;0;0;0;0;0;0,0;0
1443;8;0;0;0;0;0;0,0;0
1444;8;0;0;0;0;0;0,0;0
1445;8;0;0;0;0;0;0,0;0
1446;8;0;0;0;0;0;0,0;0
1447;8;0;0;0;0;0;0,0;0
1448;8;0;0;0;0;0;0,0;0
1449;8;0;0;0;0;0;0,0;0
1450;8;0;0;0;0;0;0,0;0
1451;8,16;0;0;0;0;0;0,0;0
1452;8,32;0;0;0;0;0;0,0;0
1453;8,48;0;0;0;0;0;0,0;0
1454;8,64;0;0;0;0;0;0,0;0
1455;8,8;0;0;0;0;0;0,0;0
1456;8,8;0;0;0;0;0;0,0;0
1457;8,8;0;0;0;0;0;0,0;0
1458;8,8;0;0;0;0;0;0,0;0
1459;8,8;0;0;0;0;0;0,0;0
1460;8,8;0;0;0;0;0;0,0;0
1461;8,8;0;0;0;0;0;0,0;0
1462;8,8;0;0;0;0;0;0,0;0
1463;8,8;0;0;0;0;0;0,0;0
1464;8,8;0;0;0;0;0;0,0;0
1465;8,8;0;0;0;0;0;0,0;0
1466;8,8;0;0;0;0;0;0,0;0
1467;8,8;0;0;0;0;0;0,0;0
1468;8,8;0;0;0;0;0;0,0;0
1469;8,8;0;0;0;0;0;0,0;0
1470;8;0;0;0;0;0;0,0;0
1471;8;0;0;0;0;0;0,0;0
1472;8;0;0;0;0;0;0,0;0
1473;8;0;0;0;0;0;0,0;0
1474;8;0;0;0;0;0;0,0;0
1475;8;0;0;0;0;0;0,0;0
1476;8;0;0;0;0;0;0,0;0
1477;8;0;0;0;0;0;0,0;0
1478;8;0;0;0;0;0;0,0;0
1479;8;0;0;0;0;0;0,0;0
1480;8,053333333;0;0;0;0;0;0,0;0
1481;8,106666667;0;0;0;0;0;0,0;0
1482;8,16;0;0;0;0;0;0,0;0
1483;8,213333333;0;0;0;0;0;0,0;0
1484;8,266666667;0;0;0;0;0;0,0;0
1485;8,32;0;0;0;0;0;0,0;0
1486;8,373333333;0;0;0;0;0;0,0;0
1487;8,426666667;0;0;0;0;0;0,0;0
1488;8,48;0;0;0;0;0;0,0;0
1489;8,533333333;0;0;0;0;0;0,0;0
1490;8,586666667;0;0;0;0;0;0,0;0
1491;8,64;0;0;0;0;0;0,0;0
1492;8,693333333;0;0;0;0;0;0,0;0
1493;8,746666667;0;0;0;0;0;0,0;0
1494;8,8;0;0;0;0;0;0,0;0
1495;8,8;0;0;0;0;0;0,0;0
1496;8,8;0;0;0;0;0;0,0;0
1497;8,8;0;0;0;0;0;0,0;0
1498;8,8;0;0;0;0;0;0,0;0
1499;8,8;0;0;0;0;0;0,0;0
1500;8,8;0;0;0;0;0;0,0;0
1501;8,8;0;0;0;0;0;0,0;0
1502;8,8;0;0;0;0;0;0,0;0
1503;8,8;0;0;0;0;0;0,0;0
1504;8,8;0;0;0;0;0;0,0;0
1505;8,8;0;0;0;0;0;0,0;0
1506;8,8;0;0;0;0;0;0,0;0
1507;8,8;0;0;0;0;0;0,0;0
1508;8,8;0;0;0;0;0;0,0;0
1509;8,8;0;0;0;0;0;0,0;0
1510;3,52;0;0;0;0;0;0,0;0
1511;3,52;0;0;0;0;0;0,0;0
1512;3,52;0;0;0;0;0;0,0;0
1513;3,52;0;0;0;0;0;0,0;0
1514;3,52;0;0;0;0;0;0,0;0
1515;3,52;0;0;0;0;0;0,0;0
1516;3,52;0;0;0;0;0;0,0;0
1517;3,52;0;0;0;0;0;0,0;0
1518;3,52;0;0;0;0;0;0,0;0
1519;3,52;0;0;0;0;0;0,0;0
1520;3,52;0;0;0;0;0;0,0;0
1521;3,52;0;0;0;0;0;0,0;0
1522;3,52;0;0;0;0;0;0,0;0
1523;3,52;0;0;0;0;0;0,0;0
1524;3,52;0;0;0;0;0;0,0;0
1525;3,52;0;0;0;0;0;0,0;0
1526;3,52;0;0;0;0;0;0,0;0
1527;3,52;0;0;0;0;0;0,0;0
1528;3,52;0;0;0;0;0;0,0;0
1529;3,52;0;0;0;0;0;0,0;0
1530;3,52;0;0;0;0;0;0,0;0
1531;3,52;0;0;0;0;0;0,0;0
1532;8;0;0;0;0;0;0,0;0
1533;12;0;0;0;0;0;0,0;0
1534;15;0;0;0;0;0;0,0;0
1535;12;0;0;0;0;0;0,0;0
1536;7;0;0;0;0;0;0,0;0
1537;13;0;0;0;0;0;0,0;0
1538;1;0;0;0;0;0;0,0;0
1539;5;0;0;0;0;0;0,0;0
1540;14;0;0;0;0;0;0,0;0
1541;7;0;0;0;0;0;0,0;0
1542;9;0;0;0;0;0;0,0;0
1543;14;0;0;0;0;0;0,0;0
1544;15;0;0;0;0;0;0,0;0
1545;14;0;0;0;0;0;0,0;0
1546;0;0;0;0;0;0;0,0;0
1547;9;0;0;0;0;0;0,0;0
1548;5;0;0;0;0;0;0,0;0
1549;8;0;0;0;0;0;0,0;0
1550;7;0;0;0;0;0;0,0;0
1551;13;0;0;0;0;0;0,0;0
1552;1;0;0;0;0;0;0,0;0
1553;4;0;0;0;0;0;0,0;0
1554;1;0;0;0;0;0;0,0;0
1555;11;0;0;0;0;0;0,0;0
1556;1;0;0;0;0;0;0,0;0
1557;4;0;0;0;0;0;0,0;0
1558;3;0;0;0;0;0;0,0;0
1559;15;0;0;0;0;0;0,0;0
1560;12;0;0;0;0;0;0,0;0
1561;12;0;0;0;0;0;0,0;0
1562;14;0;0;0;0;0;0,0;0
1563;12;0;0;0;0;0;0,0;0
1564;11;0;0;0;0;0;0,0;0
1565;7;0;0;0;0;0;0,0;0
1566;5;0;0;0;0;0;0,0;0
1567;10;0;0;0;0;0;0,0;0
1568;18;0;0;0;0;0;0,0;0
1569;16;0;0;0;0;0;0,0;0
1570;15;0;0;0;0;0;0,0;0
1571;6;0;0;0;0;0;0,0;0
1572;12;0;0;0;0;0;0,0;0
1573;10;0;0;0;0;0;0,0;0
1574;16;0;0;0;0;0;0,0;0
1575;16;0;0;0;0;0;0,0;0
1576;9;0;0;0;0;0;0,0;0
1577;5;0;0;0;0;0;0,0;0
1578;18;0;0;0;0;0;0,0;0
1579;12;0;0;0;0;0;0,0;0
1580;17;0;0;0;0;0;0,0;0
1581;12;0;0;0;0;0;0,0;0
1582;18;0;0;0;0;0;0,0;0
1583;11;0;0;0;0;0;0,0;0
1584;8;0;0;0;0;0;0,0;0
1585;6;0;0;0;0;0;0,0;0
1586;10;0;0;0;0;0;0,0;0
1587;18;0;0;0;0;0;0,0;0
1588;5;0;0;0;0;0;0,0;0
1589;14;0;0;0;0;0;0,0;0
1590;9;0;0;0;0;0;0,0;0
2400;0;0;0;0;0;0;0;0
STOP